sequence_sha256,label,similarity_group,held_out_fold
ac92af50ce42fc29a5f93795b96e777e9382fc4562f01c4c0c8b1e521a4875df,1,87,0
0caa0239edb0f5b0bbd1ed917a7e89f3bce5d100119fb00112d23f0c3a515a06,0,88,2
eb9cd2f6d41133768755398e418990a8b45013d126d2f9dca8056b06a226fe0d,0,0,0
b73154c310942d23f21581b0ffd79017cfd03ba51b4eb181272bea31f5abc82f,0,1,2
3b225219a01580b978df1491558586cf57374e08e113ef522d941e6565f5df98,1,87,0
74d12220e87004fe19eca7bd1905060d242b590dcefd6de3295b6943f579ad04,1,87,0
1bcc0555f450abc4efd086c8447728e40a98a8aa85e2297153af40f7f954d9a5,1,2,0
bbce0a83a3b92546be513c8ddbab207a0e262ab24637198db010952ac443fb68,0,87,0
4acdfe09d398f2027981994f5045479f7065eb7a5af9a4d73e196b74f0676b25,1,87,0
a29bd0ca705bb843463cf9e0a5ac92bddfacca6c5a2aaf3f2ed8b4b314ad8b85,1,87,0
b13e64545ba214ca025ec8ce956e4598576a848f897808c9c7efda109396efea,1,87,0
a1fbbb245aced4430ab86ee8acd6527a2a2462ebf7109eae44e265ce88de9a6d,1,87,0
3fdd1d4f528b3b73f279134826ecdb5149e94e9b92e7626dc0949676b9e1faae,1,87,0
cc1543b15fd6342f1e1a22088ef818d04627d84c08ea89176c4a551d4b049ff7,0,87,0
6da72495106d79e9bc46e542031dcc8da551caeeb2b747042c5f133ecea59d6f,1,87,0
00370fedd141f9989cb2a0eca3966a10378394efb54fb5d2f1cdf84daa38bf13,1,87,0
6599b3102bfefaab35d28f680e166d665056b3b42fb211aae948f95ca440f460,1,87,0
84187a1bd287fc947cffc984655f54a43857ee524a1907a891562ed8b5a4b8f4,1,87,0
1729a544057f1215442a9b5fe729095f638b94b4b5154258f9cee9545c52f1cb,1,87,0
2896b30968f8b9ed9246fb80f774a2c1c8e543d6e392b070dc5faad8a0919295,0,3,4
c29b35a380f76336e1c97cf8ff02768c39c5714559d5df44a8f54565dce48dc5,1,4,1
89677cdec332c475fcc1ad98bdef79040955727d1007ed230199c1b47b94f5da,0,5,4
f2ecb5fc56b4c6861e036c2b44f55aa02f776c770a6660843152d199189b5207,0,5,4
f5ea550065bcd2d8d496878eb3f3a2b4c15f1f64ca01d08cd1cac9e52d482a67,0,5,4
74b40f3ed44319cb9f79ce54b00575c9a587eb1ad5e45b90b6b3457d22af0887,0,5,4
3d42398f82f9cab6c1224c395214d2ecd19cb39b10a39abba24b0e6e538473ec,1,6,1
4917a74ed67a41b4cf81a467fbdb93c5b328a59c6b5b8d39c834c23784b4e149,1,7,2
48471a70386da4ced3ad34811b0fbd67b79d62d2f7b4b3e36c86594176fc13cd,0,8,2
2890a217114f886e77020d88f2a7df9fdb6fefebcc2ec6a937b9798e7aec3638,0,9,1
dc0db56f24706497feb93b43310d57133d58e745399f0f2e0c28afcc1698d8bf,0,9,1
89293690510b4ba3ae82364108f9734f5b7c99178a0af4c6717008401120befa,1,9,1
e7d4e29afd20437745ddaf809d8e8165232bf0d57673ba3187f3b52906a5c292,1,9,1
197ef7ad098a2f3e6ef7cdd5bac10f8fea9575c3f8d89bcc7d8a05679db77f80,0,10,2
00c2f36a2c8e6386f1c8b31ecc198d2eb06e87fd73be7dbb42927d9352e8e735,1,10,2
b8d1714cc651418a98ab3cd08ab120f8dc480c99d66fc3cd866df72ced3d9b7f,0,21,3
ac515c7beb934b997884911d623fb2b263ff93b6ab368cb7b3051b219004c89e,0,11,4
8e30200b2f1c2214a27e93097453ccae04b02e6e376944fe2cd207c481ad8816,0,12,3
7dca9bf76544a621ba64c6b6501856a2826189e964e5ef96e444f59da74c5319,1,13,2
915c8b5f2f412c84ce722651618b75b906a2e8524e5ac83246de5116d1319895,1,14,1
eb74d9a03f3b59bcfa98ae728d4b1ef9e68154dd9d2495b152fe6dd72fc71eb8,1,15,1
b36031399e41e126fcb45705594fd54a474ed2c03bc88d0c3fa469c68666def5,1,16,3
13315dd263d6badde20ee03f2b21871b675db9b4afe62e08fb9e0174fd66e5ed,1,17,4
fa2e1462ff853fd0bb680777f5bdefa2cd7c9829bef7a975fd5338aebd1adc9f,0,18,1
d4d7ea194bae8f38ae3573c872c071ca35ab458d372725c559905a9c9cd681dd,0,18,1
82f67baf34c21bcb43adffe1c6a41ee4940632bc8716ca9043947d3b7171509a,1,21,3
52914e327c32be6264537842b547d2c8770c52f569f53139151ba8003f751e91,0,18,1
ab7c9f113544dfe852e4ceef1211087fa95732fc8366dda87bd4d42dc1a91a40,1,20,4
1a5d589468f998c68b92d90c2fba8174f63095481551b4c279a44367481ba260,0,21,3
157b4fdd274272ccfc6eed466a04c819f98ea7a8682d76681b1e8ba89064a2a0,1,21,3
ba88dd43a8741cea5faa7db94d9de539a1773309185b06b644890f0e6c1ae050,1,19,4
d27ca2ee77ce9a9ec41289c0f4e4e3c3d4ff754d8ae4764a8b5532ab397bb8bf,1,20,4
0d7449c1440408cf07728684aa8a93e7f39fefb9f111da436345ecef6e8cd833,1,21,3
9c2f1233b248c7bf507247d2ad469a6f9346cbcb274e506da2ffc59f91d3a61f,1,22,3
29725ea7db0d619cdeeb92545b5fe6b97a0d848353e40113ccc7cf195555c236,0,23,4
4e997c20979b74a66ab9e1d4757acb091078052a2b67f23b7f6ddeb0406c4c48,1,23,4
23f7bdde00127d080c3a08ad804bdb3249c63c57582ab72f5e61fc2a4bc6d577,1,23,4
94bdd49244dee93a96a79f0caff21e9c26def55f08c8e980911e2935bbe7bf5a,1,24,3
957e52bccee37a467fee1e157dba62f9de370951d3975cb8b2c6aaa8c3b0490f,0,88,2
c89cd899144ec6d2e5a4696aeee6842d9296a010ce9d1972bd2f26bed6ef10b2,1,25,1
06cb83f3461e7adfa6d909b81fb8892ba9a2b61b5c7dac1ad650456138649745,0,26,1
dde3d862080b8521d81b768d52ff5cb07254589b70b13363511517925ce50deb,1,27,3
340a622d8bbd57da6831caba8bdd8c68d2bb8c5f7d5859d60ca5e8b09df841ac,1,28,2
dbe176f5991e2d2e6e97380fb8dec9e92a3047129329faa98908c8658d621bf0,1,29,2
125054cedf0f9e378ed018d122a6ec2bb262f33b88bffeebe0fad27c46d0e2cf,1,29,2
cbf0de8fa162c63e59428018ed9d5d40d0fd9d6b330dafd301aebd3c13ae6d2f,1,30,3
a19a9da14965776baa502d1062c82e0282ca56a95d82cdeb0d5602c00d26bfdc,0,31,2
bbc50f6b140e35f2759d527064f37318c5648b40725725a9d2028270aabef25f,0,32,3
76421db7012afff89b25265e6bd545b9b85ece36e1a81f21a018c10c7a85a582,1,33,1
33492c8bb5c1d5838320c5c3bdbceec858b6654ff791c58a083d65ffe4a25177,1,33,1
42d90a25fa5e468eb40791682f837a4de0757745bc712c7b125839d771ae4eec,1,33,1
1418f6f14a95c2b0a375c3acb037c1dc48b809fba9590995ec962db58604b615,1,33,1
16992c17ef86f261477fa95852fb6ff432434c05dd29ddc93c14251d7f98d2cf,1,33,1
f113d61cddb9d31d89796c5e8d0555cc2d8ea9c45693bf9f296e13083a94adb0,1,33,1
3a59bb1638e2a13e2f0714609adc8342acfee8dd63fe02f249767217d134751a,0,33,1
53a328b2dca496275f503f04a589d64828c6231fea0f4b5a9a1cd5aede7be088,1,33,1
47348c21e4f6bb8af911928be6604287707c4675f5ee26b9a8af0c07f1adc1eb,1,34,1
43cbddd71a934227b15af608d222cf7fd229807255e94a79a9c21d557f7111e3,1,45,4
68ee9afca138f101094bb3669abb8a216bab7a3c846f3348333ff1e9c6e79cca,0,45,4
7f5d262393f68c285c48d3744ed8d0a0d735b1073de280d9418f8476c7c8e3fc,0,45,4
a5bad279fa769ac5fd47c8d133eb06285f10fcd6f23cf891c4a4c3fbf5ab40b6,1,45,4
3714bdb352e5d37bd8579c9be75b4c5902f615558c9810724561640ccb686910,1,45,4
e02063f6525cb7ec7b12fdf42e72e2769f7663c35efaa6c5a14b6e3ce3c5b222,0,45,4
38a30970edc840a1af247e0c5bad573bb889c21e349f0b9649071a56f5c198d7,1,45,4
747b8e6bdac2099167b13616bb74f5e04533f177b038aea864861d871dea6604,1,35,2
b35af4dd7b7af7621fc7341e28839cb5f5ab97db3438c6cb71eee2fadfb050b4,1,36,2
845f3a90ceb4bb316ed2f243653e158c0be6bc2de21388e75410d5da96c51db0,0,37,1
a02de565bfdb8ca6ae7cc00514bb752c6824c6b73b15cea64bc0d317f9567a93,0,38,1
6514674f40d0d95de080f550a4319c4885b647eae083d6832d8f1a02335be110,0,83,1
34ee44fe095e960027cb2314968f8a1b6b4b491c04dd5da77ca86de9dfc02f0e,1,83,1
5bac8cffd699cd86e143d046b5ecfb72f581df749ae8a22d77596e1d224ebb7a,1,39,2
9e8198a9e9a203f88b72201f4c2d3fbc8f894c88b132c4d14b58a84e395dd466,0,39,2
d8670c70ac4f57132e4f33ce2f5fb864a8f6e50347e1701c46eeee294976e71e,1,39,2
6ca54717a751d2ea08e54e33e8e01d5e75ed462936e9d48cbbc8867930a2cd3c,1,39,2
e494981c0a07536cb5438772cf3d576dc6e656ee8cb20efe50a9866083bbd9e0,0,39,2
dcc03c4835ce49d731fb9c79a8a0f02a32f7827e0f6a5afc05189872c07131ec,1,39,2
7c7534203f0491c192a46eacef8c37471c03fc90c10ba3916e6bf0eeb493b579,0,39,2
56ab421d628b148c3442ae307bc7b1182cc8ad543f446564f5a91e1509709392,1,39,2
0aaff8552ad1d0b759dfa2bef39c862da37e271c44656751307b349b382d719c,0,40,4
74302f5f63fbcc035c0742416f03fa35366866a641797d3321f2e2e5375f8275,0,41,1
2208b761073c4911ff96c7ece647796c9d14f61064c437533b68737d41fed01f,1,42,2
b929b03542f0542b7fedafb09a78cc3f92100c4112230f2f0ce753ba85ad7c51,1,43,1
4eec3f0d814e4c8ade3ac55aa062f2c716e3e6207b64317ca210629abc2d058a,1,44,3
7effea01ba2cac77b7e924ebb678bf44a067d4a67755018b13c58f3238a50022,1,44,3
1bc4708a525880261e9f7405a91c8e7ea6b74d058abe4cabf228e077ae576113,0,45,4
db02b7f27c273afbe8c81e4cddeb327c90a9212ad15cc08a0f327761d27cc1b6,1,76,3
81c7daf018da7d4b9900714c08fdbaf4803b59c911d54ccf4f158c3d75b8686a,0,46,4
23960ec754caf1e0fe76c0afca0789398b5a132d11d7547752773c79feb325d2,0,76,3
4b6ead9e08bb250787dece30a80405eada0366742bff100d5c8d885010529941,0,76,3
098421bfb00ab2d1207a1eadb2466a19f68b2e7cb8243a645eee393a369426d1,0,76,3
9c20750b278481b6af5bf3f25680a13c4261439163c5898ba9e7a47549ea38a0,1,47,4
53766d8e3d0d3e80a323c47aab3ed6c0df5346d4502506e975001402c0e19791,1,47,4
60f29d4a4f6114b1927ebf67ef4f2e1f3e7d44aafff676bc3499e1d42b3cbce8,0,76,3
07d488540b8c02ab18d76caf305a53ab3b1917e527367b368c90abf061e4a61d,1,48,0
9c6db947a64273ac8e3e805b2a2943fbb744f87f03af4b5c00e9f472900f370f,0,49,4
93fb5aa51352aa4a3573011749a53c4cc7c44e8cbbcbdaad2b16141bb0e66ef0,0,50,2
b9e832178a16b596f618afebc642e47521e072a6c614a2cf0e26a4777d262e3a,0,83,1
35a73facc35d4d7cefaed3b3841502593ed0b7fabe6dde9cf3bea172ebcf9bdc,0,51,4
2a1c387c0e615819fae015d1137285cfe527103e9292174ab50df1b8f83137f4,1,52,3
1401ef86c2e1253cd06240a0e4983f4616aaf0b9a9eba76f150bc3f9c65d2e13,0,53,0
6ea2912204e0a4aea37f015ee5c006a211948d8da9d57863a119f4b287374a09,0,54,3
50e399024d8c184637dc7339524c5ff51dd81b9ab4d3129236a6910302d709d3,0,54,3
44084cdd46e978b75e59c407c84136b862055967338477d442527707c3b640f5,0,55,0
f1257d336456140c43d0d53776b13641b199e4d70d626ff4b45296242654bbc3,0,55,0
cc1a7eeeafc3adff221472200c025eccbe31e091530dcbbe92b18c9d30265b7a,1,56,4
270b9fe5bafb1020bbba7baf3d6c4017000bc29ef47ea4dc8f00917dc01291da,1,57,2
64b5ad44904d3608d9d8f4ad4085e83de14990f92d13267f801dbfdf06fa96a1,1,58,3
e9b9aa0d8eb74758ed8af9c507c4903cb9b9863d39f8f884077d53e177baf9ea,1,59,4
63251c7660528af1d63017de3ba352ef8d30358257e5e5457b61ac50a990bf54,1,60,1
33c9a4db151d42d29bc5bb0db0d2935974c96b776b0c6f073495e53cd9d56ab7,1,61,2
e76bde35dfd8fa7886701176a8f28114b9cf8cb6b4eb8ec2f26812211789ce89,1,62,3
3c8f60b9d7faa7058c81842cf8b679f4111683573c77294dd295e9e1b585864b,1,63,4
74d94f0fb536e9acdd14c01265eea33f571923e624002ce7bc86e787f8dbfb5b,0,64,0
bef7d48ecf3570f57ab737f6c19b12cd26a651c56bd5abaad59568ccc5c2c762,0,92,2
8675d4985b144d112664da51e04ac4a898f811e323301e282c67b3552c6ad2a1,0,92,2
ba5bb4e363e34608444969e5ba82f9f595ff1aaf4a73b0545060f5eb0c9c9ea8,0,92,2
5ea79beb7d7f3bb98ca2d71b53193d9974c01a9b5bbbf6169563b2ebc5b957e5,0,65,0
e4c13dc3d91fab43e051f2abbb2ae8f19781db07cf91f4fb701ac741832a1f1c,0,65,0
d109526ef5b890b80697cd3cd8944f2ee794444705879a789d054b1317d35c8d,1,65,0
d7aaedc354de9bf800a6fdc1955613c81d306b04ef7aa5a4d9d699decc5ddd27,1,65,0
ec402a2718cb59e81ab928b5394679849b69d511809730d486ea9087830917ea,1,66,4
be6c6b5af8ad57c4a7142dbc9fc054c4e466c2c52c9a8cb8c861aa127c82fe52,1,67,3
3fe0fed7a1838a90e3ae2158ff598f0b4c551fdfba484a59e306c8eed5da364f,1,67,3
634e8c8d0353bcb911ffbb970dbc43585f513a199e8cd7ecd7823edf4c43747f,1,67,3
873acc532fb8d22e387de4f9f6af02847ed99341f0137e2f211352df3a600d4a,1,67,3
4bd3f0ae79074be906d07575a09d3d64f4a2504999444f4967574c500042d628,1,68,2
460fc3d97c5c605e3d6ce920a8a55d6afed27e5f985d6ee1ac04ed9f3c2ec623,1,87,0
dce5532e14644c79f7b3a58e939b98ca3daa6551928de762b34b7d13db507cad,1,69,1
6039b05e20e93fda45b623c2ca4e225311bcb8bcbc9bbbf19583e1502c18a72d,0,70,3
e79450924d96a7a1c94919093ad5956f95fe679dd631bff5f596b236df8da3f9,1,71,0
0b4ccfd51ebea2c4c6bd09041c6bbbc757beb85544b0eb0f57d2fb09fb3ef90f,0,72,4
ca43803c1b32891d8b8930a73c3400bbdf7a9fb26c3a6b82a756d8719a09fe06,1,92,2
92b3c7e78c828b3ec84a51e29d2674c7d18d146fb6e6492b2567144fcecd26a8,1,73,3
3b6afb79065787f560aa6cffa1e4b81caa93e95dfdc5bc42a943274cbfe80930,0,92,2
2812049e6fed6cf19f2198b9028233e4cfa0e194c40a62de76a1b546b15b5d89,1,74,2
97fb0637b3a101a34c558394ee997f51fb4822d812ac61f2917794fbc03f9579,1,75,3
9f64f4e8425806116c3903bf8719dd9417a2a769f637a607668b56a70ef1fd6c,0,76,3
da2119c5b94036cdb20a7ca4a32081a51f529dc005e43c4386f796bfbdfb48f7,0,91,4
e4c0b0950682cae43b1b8dc8ca0f3201fcee123fae243bd98dd4800f156f9d23,0,88,2
f8774ecde99524491451a8ac3aa06b2ad542a60f6964beead09b5cae4833b020,1,77,4
2aa9477941cd35c79138a81e099337072dcc4bff411e03a4afead9e518a4b81d,0,78,0
a508077e18dac330add15623201b5292c4edae209727209ad04f4da0e869cf68,0,90,0
dc1043178ec13dae54945f17b7d7f0c59db72d0ad82d38ef526561616e10054a,0,79,0
7609a6d72dd91f596d84f97ac385a30fd4cc4dd819ddf91ad0bdba1ce3c60c62,1,91,4
0274ffe58317fbdf00889821b8c16e7981b0b11f29cb58b5194de1dce747f9ea,0,80,1
7a5f28cd9823eb48380805d329f4fb6807c15b72d2cba2b6a06c0cb62330aa45,1,91,4
2c2ba086263d760152702d3a9f310cae06c103bfcd02cc64ced3ae8b6ab6ac36,1,91,4
db93ad3916555c930363b51e69ec801d1302aa0d545276d3111724103ed5368c,1,91,4
ca83798ded4ae72dd29f9a41e764f64d01bf00ae06523835b4bacee16b16acd6,1,81,1
650badfc402468ba6628c3e01d6d471170fb474b1f40831fd33982f6adeb1da8,0,82,2
711af14dac82628872b61a3b7c071ea45bd63e845e53a12c061dc9ea4051a3aa,0,83,1
5d604bf571ca389bcf867b9dba36473c08c553e2742706c0b57f3bfb647974bb,1,84,4
72725f4dd043eb033828ff55dd0ac426045d6f242dbe59a2252c5d4f7247d2c5,0,85,1
71af4dac2b57f587cf762d08a377c9b501ddcb210a697a768262c369a52ea16f,0,86,0
34f2ce7de3700f42a0e5d4534ae1ed0290341ecf0cb56b267e61fa0ddfc934b7,1,87,0
a508b1815794fe573192c67dee85f2eb8e988ef13d70b2bfb291bc8de67f63c7,0,88,2
1c9d69202f6a0cc9cdcb442ce6f5fde7118f7d78ed80132b99084e42ccd2bf87,0,88,2
a128075612f658c7cbfe0d9542788274b6aefd233d0cfce86fc0b8b4065b0eda,0,89,3
2b0ec81407d11aecb6cba2608e9f60388dbeca184c751f1c6f0bd02d024715bb,0,90,0
cecef3f2afa484e6021ac84fb216b58ecbbb73e7d3c4ab6abbcf8607c5b3dfcb,1,91,4
9c2aeb98fd98b343642c96b83550b427f4b88f38cc8c4fa982d5d70fdd072924,1,92,2
52bf6b402bd862e033af59b65b40f48eb531c4d83954dc1cfd587303a4343d60,1,92,2
64cfccc74814c58ce82de64865e51ddad7b9cef51549cf15df5cfddfeaf8a8b5,1,92,2
924a32ea76947fd506d7ce12cb4c7c79de1dd450cedd7deb50a215f371c76bdd,0,93,0
