source_name,source_url,source_version,download_date,source_file,bytes,sha256,retrieval_method
DBAASP,https://dbaasp.dbaasp.niaidprod.net/,version not embedded in local export,unknown_preexisting_local_file,data/raw/DBAASP/activity-against-target-species.csv,2359042,d871e664d194ca155a39d9bbff564b73b30783c8afc53f26a0422c0d0aea24f9,pre-existing local source export
DBAASP,https://dbaasp.dbaasp.niaidprod.net/,version not embedded in local export,unknown_preexisting_local_file,data/raw/DBAASP/hemolytic-and-cytotoxic-activities.csv,145639,987ea27c1ed86ec7ddb6868d94d40d41f26a689cf0b72a9241e6d76968f1e921,pre-existing local source export
DBAASP,https://dbaasp.dbaasp.niaidprod.net/,version not embedded in local export,unknown_preexisting_local_file,data/raw/DBAASP/peptides-antibiofilm-activities.csv,11983,d07f34e5efc1bec91a661ee9df412bc22d4dbd78141b59b2f81b5640b0cbb5a9,pre-existing local source export
DBAASP,https://dbaasp.dbaasp.niaidprod.net/,version not embedded in local export,unknown_preexisting_local_file,data/raw/DBAASP/peptides-fasta.txt,111935,607a3dc32237f0869683532093b10478fba2b391406409235f05212b52ff437d,pre-existing local source export
DBAASP,https://dbaasp.dbaasp.niaidprod.net/,version not embedded in local export,unknown_preexisting_local_file,data/raw/DBAASP/peptides.csv,254732,4377a3434ff0fbb6e52b24d01f32df1b9e74e0b462aa5c0f761f6a51bb518277,pre-existing local source export
DRAMP,https://cpu-bioinfor.org/,version not embedded in local export,unknown_preexisting_local_file,data/raw/DRAMP/Antibacterial_amps.fasta,1072625,a0d484eb6176e123298d19d06f23ccc6398a1f5c75d169cccbbf7590a6e6c835,pre-existing local source export
DRAMP,https://cpu-bioinfor.org/,version not embedded in local export,unknown_preexisting_local_file,data/raw/DRAMP/Antibacterial_amps.xlsx,1853664,2b6c79485618439877e06bcaedc79fe4c647fd3be36129cc1cef91a70d0421f5,pre-existing local source export
DRAMP,https://cpu-bioinfor.org/,version not embedded in local export,unknown_preexisting_local_file,data/raw/DRAMP/general_amps.fasta,445659,5915e91b3501c41a914a05403dfd2a435af59116ffb738a8423d34995a2b9c26,pre-existing local source export
DRAMP,https://cpu-bioinfor.org/,version not embedded in local export,unknown_preexisting_local_file,data/raw/DRAMP/general_amps.xlsx,2773355,205b13ba026f54e69d598fa53a54c21a279613d516c70e9cd7598307c8c18925,pre-existing local source export
AMPlify training common export,https://raw.githubusercontent.com/BirolLab/AMPlify/3a07713c25b8a21ef66d31d10e121989d26d9320/data/AMPlify_AMP_train_common.fa,3a07713c25b8a21ef66d31d10e121989d26d9320,unknown_preexisting_local_file,data/raw/amplify/AMPlify_AMP_train_common.fa,141696,a04e28f8d29d1bb4f445a6162e210e0999289c31bf93f2f13c8d2268c8dd9cdc,pre-existing local source export
dbAMP,https://ycclab.cuhk.edu.cn/dbAMP/download.php,version not embedded in local export,unknown_preexisting_local_file,data/raw/dbamp/dbamp_df.csv,4818154,d7a1eede4c6c9d87605145c6b1854d1f1918564d0db58cb756ee330947f5a688,pre-existing local source export
